"forbidden_output","present","result","matching_rule"
"BUY_NOW","false","PASS","exact_forbidden_token_absent_not_substring"
"TRADEUP_NOW","false","PASS","exact_forbidden_token_absent_not_substring"
"TRADE","false","PASS","exact_forbidden_token_absent_not_substring"
"ORDER","false","PASS","exact_forbidden_token_absent_not_substring"
"OFFICIAL_EV","false","PASS","exact_forbidden_token_absent_not_substring"
"TRUSTED_EV","false","PASS","exact_forbidden_token_absent_not_substring"
"TRADEUP_EV","false","PASS","exact_forbidden_token_absent_not_substring"
"executable_PROFIT","false","PASS","exact_forbidden_token_absent_not_substring"
"executable_recommendation","false","PASS","exact_forbidden_token_absent_not_substring"
