term,scope,result,notes
READY,V430PT_STATUS_DISPLAY_BLOCK,allowed_only_inside_REVIEW_REQUIRED_and_required_screening_ready_count_label,legacy readonly boundary words outside the new status block were preserved not introduced
SIGNAL_READY,V430PT_STATUS_DISPLAY_BLOCK,absent_from_v430pt_status_display_as_action_or_ev_label,legacy readonly boundary words outside the new status block were preserved not introduced
TRUSTED_EV,V430PT_STATUS_DISPLAY_BLOCK,absent_from_v430pt_status_display_as_action_or_ev_label,legacy readonly boundary words outside the new status block were preserved not introduced
OFFICIAL_EV,V430PT_STATUS_DISPLAY_BLOCK,absent_from_v430pt_status_display_as_action_or_ev_label,legacy readonly boundary words outside the new status block were preserved not introduced
PROFIT,V430PT_STATUS_DISPLAY_BLOCK,absent_from_v430pt_status_display_as_action_or_ev_label,legacy readonly boundary words outside the new status block were preserved not introduced
BUY_NOW,V430PT_STATUS_DISPLAY_BLOCK,absent_from_v430pt_status_display_as_action_or_ev_label,legacy readonly boundary words outside the new status block were preserved not introduced
TRADEUP_NOW,V430PT_STATUS_DISPLAY_BLOCK,absent_from_v430pt_status_display_as_action_or_ev_label,legacy readonly boundary words outside the new status block were preserved not introduced
TRADE,V430PT_STATUS_DISPLAY_BLOCK,absent_from_v430pt_status_display_as_action_or_ev_label,legacy readonly boundary words outside the new status block were preserved not introduced
ORDER,V430PT_STATUS_DISPLAY_BLOCK,absent_from_v430pt_status_display_as_action_or_ev_label,legacy readonly boundary words outside the new status block were preserved not introduced
