"evidence","status","source"
"Steam Mature Loop readonly module exists","confirmed","V430OV"
"STEAM MATURE LOOP button exists","confirmed","V430OV"
"route family entries refined","confirmed","V430OV"
"module zones refined","confirmed","V430OV"
"safe action guards reviewed","confirmed","V430OV"
"forbidden interaction guards reviewed","confirmed","V430OV"
"mother UI unchanged","confirmed","V430OV"
"DATA_BRIDGE not written","confirmed","V430OV"
"active payload not written","confirmed","V430OV"
"no buy/trade route","confirmed","V430OV"
