area,preserved,notes
existing_ui_functions,true,structural text/selector marker check
theme_controls,true,structural text/selector marker check
mother_identity,true,structural text/selector marker check
steam_button,true,structural text/selector marker check
steam_module,true,structural text/selector marker check
route_directory,true,structural text/selector marker check
v430pt_status,true,structural text/selector marker check
legacy_modules,true,structural text/selector marker check
bottom_buttons,true,structural text/selector marker check
